filename,width,height,class,xmin,ymin,xmax,ymax
007_0002.jpg,502,764,bat,149,141,355,645
007_0006.jpg,315,460,bat,70,18,251,367
007_0007.jpg,400,396,bat,6,10,390,382
007_0022.jpg,700,600,bat,1,133,700,525
007_0024.jpg,243,378,bat,43,77,186,353
007_0025.jpg,359,224,bat,11,10,323,216
007_0027.jpg,400,400,bat,79,140,334,272
007_0028.jpg,300,224,bat,116,53,178,163
007_0029.jpg,300,224,bat,52,55,243,134
007_0032.jpg,220,388,bat,4,2,213,372
007_0053.jpg,460,333,bat,1,16,459,320
007_0066.jpg,300,192,bat,9,52,283,147
007_0069.jpg,300,182,bat,3,1,299,181
007_0070.jpg,270,194,bat,1,15,242,181
007_0072.jpg,230,180,bat,9,4,230,174
007_0074.jpg,203,241,bat,18,10,178,241
007_0076.jpg,300,209,bat,9,3,235,152
007_0081.jpg,545,500,bat,5,33,467,471
007_0082.jpg,450,449,bat,1,2,372,433
007_0091.jpg,390,320,bat,11,96,390,280
009_0001.jpg,594,450,bear,219,161,351,357
009_0001.jpg,594,450,bear,322,127,442,261
009_0003.jpg,272,268,bear,39,23,226,235
009_0004.jpg,500,476,bear,21,3,303,420
009_0004.jpg,500,476,bear,226,156,483,476
009_0005.jpg,768,512,bear,279,195,529,470
009_0006.jpg,700,525,bear,286,113,487,396
009_0007.jpg,252,371,bear,1,49,241,362
009_0010.jpg,350,267,bear,88,93,307,251
009_0011.jpg,500,500,bear,61,18,470,475
009_0012.jpg,207,214,bear,8,5,203,213
009_0014.jpg,234,198,bear,43,74,182,167
009_0015.jpg,220,168,bear,42,6,220,166
009_0015.jpg,220,168,bear,62,40,154,93
009_0015.jpg,220,168,bear,1,6,155,118
009_0016.jpg,420,289,bear,84,96,288,282
009_0016.jpg,420,289,human,266,16,387,219
009_0018.jpg,486,378,bear,80,93,318,377
009_0020.jpg,360,270,bear,51,56,325,252
009_0022.jpg,699,502,bear,16,128,567,455
009_0024.jpg,358,227,bear,113,38,213,145
009_0025.jpg,589,784,bear,154,175,396,651
009_0026.jpg,350,345,bear,87,178,208,345
009_0026.jpg,350,345,bear,61,16,344,312
009_0028.jpg,532,669,bear,14,51,525,657
009_0029.jpg,420,289,bear,88,73,417,278
009_0029.jpg,420,289,human,104,5,202,89
009_0031.jpg,382,337,bear,2,21,371,329
009_0033.jpg,600,469,bear,172,192,344,433
009_0033.jpg,600,469,bear,350,84,453,233
009_0033.jpg,600,469,bear,429,31,497,145
009_0035.jpg,442,384,bear,1,1,395,284
009_0036.jpg,618,463,bear,68,20,498,424
009_0039.jpg,335,229,bear,31,24,328,207
009_0040.jpg,400,297,bear,23,6,297,286
009_0040.jpg,400,297,human,98,191,207,296
009_0042.jpg,224,193,bear,1,28,216,193
009_0042.jpg,224,193,human,102,1,163,63
009_0043.jpg,317,450,bear,81,30,272,399
009_0044.jpg,600,407,bear,152,121,422,406
009_0045.jpg,2625,3225,bear,472,219,2529,3042
009_0046.jpg,450,300,bear,1,2,447,299
009_0047.jpg,800,600,bear,2,1,797,600
009_0048.jpg,597,395,bear,258,147,465,334
009_0049.jpg,350,224,bear,132,5,330,191
009_0050.jpg,334,248,bear,26,74,198,196
009_0051.jpg,393,570,bear,97,364,336,528
009_0052.jpg,200,229,bear,18,13,185,206
009_0053.jpg,250,180,bear,51,37,233,141
009_0054.jpg,519,800,bear,54,6,519,763
009_0055.jpg,375,300,bear,7,14,375,263
009_0056.jpg,400,260,bear,130,61,367,260
009_0057.jpg,199,290,bear,28,33,198,290
009_0058.jpg,559,382,bear,42,55,519,366
009_0059.jpg,1600,1200,bear,98,237,1477,958
009_0059.jpg,1600,1200,bear,485,235,907,581
009_0061.jpg,496,342,bear,13,113,456,321
009_0063.jpg,216,145,bear,78,5,212,142
009_0063.jpg,216,145,cat,8,61,59,118
009_0064.jpg,747,600,bear,132,87,743,551
009_0065.jpg,200,150,bear,35,52,151,108
009_0066.jpg,300,450,bear,2,84,300,448
009_0067.jpg,640,853,bear,235,421,561,631
009_0069.jpg,800,587,bear,119,36,727,341
009_0070.jpg,291,360,bear,15,125,191,300
009_0071.jpg,550,358,bear,9,25,550,357
009_0072.jpg,251,360,bear,1,2,251,316
009_0073.jpg,292,360,bear,35,69,258,330
009_0074.jpg,550,358,bear,123,40,465,334
009_0075.jpg,275,360,bear,1,42,242,215
009_0076.jpg,692,545,bear,201,161,580,433
009_0077.jpg,500,300,bear,160,109,445,257
009_0078.jpg,216,192,bear,20,41,214,181
009_0078.jpg,216,192,bear,8,13,183,155
009_0079.jpg,1600,1200,bear,374,238,983,988
009_0080.jpg,300,331,bear,20,66,274,331
009_0081.jpg,300,223,bear,16,59,248,212
009_0081.jpg,300,223,human,171,34,191,60
024_0001.jpg,300,218,butterfly,17,40,288,183
024_0002.jpg,600,800,butterfly,31,74,600,734
024_0003.jpg,495,328,butterfly,85,27,397,319
024_0004.jpg,356,241,butterfly,67,49,321,205
024_0005.jpg,200,157,butterfly,24,13,187,144
024_0007.jpg,762,800,butterfly,3,157,585,712
024_0008.jpg,1024,768,butterfly,155,87,900,657
024_0009.jpg,900,600,butterfly,179,1,710,600
024_0010.jpg,1600,1200,butterfly,428,114,1386,1149
024_0011.jpg,640,427,butterfly,70,48,584,377
024_0012.jpg,637,500,butterfly,31,79,582,430
024_0013.jpg,897,600,butterfly,345,97,758,380
024_0014.jpg,904,600,butterfly,367,154,620,441
024_0015.jpg,600,800,butterfly,56,37,490,587
024_0016.jpg,622,591,butterfly,14,14,605,577
024_0017.jpg,800,533,butterfly,105,53,624,463
024_0018.jpg,600,387,butterfly,59,30,457,363
024_0019.jpg,1556,1054,butterfly,546,313,1250,799
024_0020.jpg,640,480,butterfly,25,123,508,480
024_0021.jpg,800,533,butterfly,64,96,750,523
024_0023.jpg,550,413,butterfly,1,6,526,396
024_0024.jpg,800,600,butterfly,126,6,702,600
024_0024.jpg,800,600,butterfly,442,99,701,354
024_0025.jpg,1024,768,butterfly,361,205,810,712
024_0027.jpg,518,350,butterfly,156,131,381,234
024_0028.jpg,546,473,butterfly,64,183,234,298
024_0029.jpg,573,800,butterfly,7,72,272,307
024_0030.jpg,660,494,butterfly,235,174,404,260
024_0031.jpg,600,451,butterfly,121,80,503,289
024_0034.jpg,1024,768,butterfly,275,144,872,654
024_0035.jpg,1024,768,butterfly,272,206,921,688
024_0036.jpg,426,274,butterfly,106,35,337,223
024_0037.jpg,640,465,butterfly,187,34,449,342
024_0038.jpg,640,480,butterfly,159,35,469,437
024_0039.jpg,600,431,butterfly,55,18,488,307
024_0040.jpg,640,504,butterfly,360,211,566,355
024_0041.jpg,600,408,butterfly,217,44,409,243
024_0042.jpg,640,480,butterfly,153,98,527,448
024_0043.jpg,660,694,butterfly,383,165,555,353
024_0044.jpg,800,640,butterfly,103,73,585,513
024_0045.jpg,267,235,butterfly,12,1,267,218
024_0047.jpg,1000,750,butterfly,60,163,416,485
024_0047.jpg,1000,750,butterfly,519,128,882,577
024_0048.jpg,356,241,butterfly,24,25,316,241
024_0049.jpg,720,480,butterfly,208,84,503,314
024_0050.jpg,369,500,butterfly,74,93,318,326
024_0051.jpg,1000,750,butterfly,156,24,868,644
024_0052.jpg,1000,757,butterfly,82,128,923,541
024_0053.jpg,400,257,butterfly,38,4,356,245
024_0054.jpg,867,587,butterfly,379,240,575,356
024_0055.jpg,768,512,butterfly,269,97,432,320
024_0056.jpg,280,271,butterfly,47,24,263,262
024_0057.jpg,640,480,butterfly,70,152,586,412
024_0058.jpg,426,275,butterfly,112,39,324,177
024_0059.jpg,1024,586,butterfly,206,68,879,454
024_0060.jpg,278,208,butterfly,61,21,227,162
024_0061.jpg,1024,768,butterfly,278,298,747,509
024_0062.jpg,259,300,butterfly,45,26,221,227
024_0063.jpg,2048,1536,butterfly,952,638,1208,893
024_0066.jpg,800,542,butterfly,312,79,632,484
024_0067.jpg,640,512,butterfly,26,90,640,474
024_0068.jpg,549,483,butterfly,43,7,494,439
024_0069.jpg,800,600,butterfly,284,182,513,378
024_0070.jpg,900,639,butterfly,103,70,872,483
024_0071.jpg,600,400,butterfly,129,154,499,336
024_0072.jpg,1000,1500,butterfly,79,469,983,1500
024_0075.jpg,800,522,butterfly,122,183,373,283
024_0075.jpg,800,522,butterfly,403,147,577,273
024_0076.jpg,190,200,butterfly,29,14,187,175
024_0077.jpg,400,253,butterfly,9,57,398,252
024_0078.jpg,768,512,butterfly,78,55,722,437
024_0079.jpg,694,546,butterfly,144,136,540,355
024_0082.jpg,348,348,butterfly,17,21,332,299
024_0083.jpg,726,484,butterfly,137,148,548,429
024_0085.jpg,445,400,butterfly,96,52,361,326
024_0086.jpg,250,200,butterfly,32,43,230,156
024_0088.jpg,522,399,butterfly,141,72,473,318
024_0089.jpg,800,533,butterfly,201,47,604,442
024_0090.jpg,225,198,butterfly,50,36,191,144
024_0091.jpg,512,384,butterfly,76,2,354,367
028_0001.jpg,1024,768,camel,22,87,1023,652
028_0002.jpg,1872,2598,camel,138,1019,1785,2543
028_0002.jpg,1872,2598,human,435,906,788,1324
028_0003.jpg,300,197,camel,58,43,253,177
028_0003.jpg,300,197,camel,140,93,217,178
028_0010.jpg,198,173,camel,22,3,184,156
028_0010.jpg,198,173,camel,29,108,90,169
028_0012.jpg,525,450,camel,9,18,519,441
028_0014.jpg,535,352,camel,1,94,491,351
028_0015.jpg,450,360,camel,46,15,402,354
028_0017.jpg,700,525,camel,70,96,286,525
028_0017.jpg,700,525,camel,327,123,544,512
028_0018.jpg,203,152,camel,4,1,198,152
028_0020.jpg,618,470,camel,43,13,539,452
028_0022.jpg,700,420,camel,18,197,700,419
028_0022.jpg,700,420,human,413,120,511,306
028_0022.jpg,700,420,human,477,25,614,409
028_0025.jpg,500,365,camel,299,123,421,318
028_0025.jpg,500,365,human,160,124,300,318
028_0026.jpg,400,300,camel,42,44,337,298
028_0032.jpg,938,1031,human,403,171,626,668
028_0032.jpg,938,1031,camel,221,262,743,1031
028_0038.jpg,400,357,camel,2,7,375,357
028_0041.jpg,160,120,camel,3,18,155,120
028_0042.jpg,410,280,camel,54,64,255,280
028_0043.jpg,454,340,camel,103,159,208,267
028_0043.jpg,454,340,camel,199,158,268,268
028_0043.jpg,454,340,human,259,194,278,233
028_0043.jpg,454,340,human,207,131,257,178
028_0051.jpg,360,263,camel,1,3,207,250
028_0051.jpg,360,263,camel,141,17,360,262
028_0052.jpg,203,152,camel,1,1,188,152
028_0054.jpg,640,480,camel,119,92,577,460
028_0055.jpg,300,306,camel,40,144,275,306
028_0055.jpg,300,306,human,120,90,176,200
028_0055.jpg,300,306,human,160,94,200,172
028_0057.jpg,2048,1536,camel,538,626,1205,1122
028_0057.jpg,2048,1536,human,880,466,972,694
028_0058.jpg,170,145,camel,67,10,165,133
028_0058.jpg,170,145,camel,4,65,75,131
028_0058.jpg,170,145,camel,74,74,166,116
028_0059.jpg,1179,781,camel,1,124,1039,778
028_0059.jpg,1179,781,human,839,340,1050,781
028_0060.jpg,768,512,human,247,229,393,458
028_0060.jpg,768,512,camel,157,274,460,512
028_0061.jpg,400,386,camel,115,70,181,119
028_0061.jpg,400,386,human,168,86,183,124
028_0061.jpg,400,386,human,136,59,152,82
028_0063.jpg,1280,960,human,248,510,344,765
028_0063.jpg,1280,960,camel,611,478,1105,854
028_0064.jpg,640,422,camel,82,50,523,422
028_0065.jpg,500,332,camel,94,1,457,332
028_0067.jpg,1920,1688,camel,1,676,1916,1687
028_0067.jpg,1920,1688,human,513,32,1109,1688
028_0067.jpg,1920,1688,human,186,166,556,1687
028_0069.jpg,214,161,camel,2,3,213,160
028_0070.jpg,448,290,camel,75,44,154,163
028_0070.jpg,448,290,human,356,105,389,233
028_0070.jpg,448,290,human,386,129,435,225
028_0075.jpg,500,324,camel,90,30,499,321
028_0077.jpg,375,500,camel,1,27,326,495
028_0078.jpg,744,475,camel,32,199,438,463
028_0078.jpg,744,475,human,83,114,243,315
028_0079.jpg,642,747,camel,43,282,589,708
028_0079.jpg,642,747,camel,230,274,323,324
028_0079.jpg,642,747,human,314,183,497,493
028_0080.jpg,512,384,human,35,131,116,360
028_0080.jpg,512,384,camel,132,87,405,372
028_0081.jpg,640,427,camel,1,4,561,416
028_0082.jpg,600,450,camel,82,99,475,398
028_0083.jpg,288,216,camel,98,36,175,162
028_0083.jpg,288,216,human,17,18,97,216
028_0083.jpg,288,216,human,133,40,274,215
028_0084.jpg,600,400,human,422,100,521,377
028_0084.jpg,600,400,camel,36,11,449,396
028_0085.jpg,448,672,camel,3,9,432,672
028_0086.jpg,350,280,camel,72,76,245,259
028_0086.jpg,350,280,human,127,22,185,141
028_0087.jpg,425,415,camel,21,101,413,363
028_0089.jpg,159,125,camel,12,6,153,125
028_0090.jpg,621,432,camel,237,183,340,287
028_0090.jpg,621,432,camel,205,226,265,281
028_0093.jpg,278,197,camel,6,8,270,188
038_0001.jpg,150,203,chimp,1,12,150,199
038_0002.jpg,150,150,chimp,1,13,150,149
038_0003.jpg,200,242,chimp,1,1,189,242
038_0004.jpg,220,300,chimp,25,7,146,274
038_0005.jpg,230,150,chimp,3,4,229,150
038_0006.jpg,300,225,chimp,6,4,240,225
038_0007.jpg,284,450,chimp,44,139,276,443
038_0009.jpg,486,441,chimp,14,11,470,418
038_0010.jpg,180,250,chimp,6,47,176,232
038_0011.jpg,180,252,chimp,1,25,102,216
038_0011.jpg,180,252,chimp,103,75,180,245
038_0012.jpg,425,479,chimp,43,5,403,479
038_0013.jpg,370,513,chimp,8,9,348,513
038_0016.jpg,500,381,chimp,52,74,405,347
038_0017.jpg,265,345,chimp,113,18,265,330
038_0018.jpg,264,375,chimp,1,2,264,369
038_0019.jpg,425,319,chimp,214,33,425,316
038_0019.jpg,425,319,human,13,108,231,293
038_0021.jpg,360,504,chimp,31,20,360,412
038_0022.jpg,717,1075,chimp,142,470,449,942
038_0022.jpg,717,1075,human,105,300,293,760
038_0023.jpg,203,152,chimp,58,1,157,152
038_0025.jpg,380,248,chimp,94,23,342,248
038_0027.jpg,616,824,chimp,85,189,532,753
038_0029.jpg,450,357,chimp,21,19,436,352
038_0030.jpg,350,235,chimp,34,16,278,235
038_0031.jpg,768,768,chimp,72,45,714,767
038_0033.jpg,350,257,chimp,79,97,241,217
038_0033.jpg,350,257,chimp,115,1,243,109
038_0034.jpg,250,287,chimp,76,68,212,245
038_0036.jpg,441,434,chimp,27,27,388,409
038_0040.jpg,300,235,chimp,42,15,260,229
038_0041.jpg,239,157,chimp,10,14,126,157
038_0044.jpg,640,432,chimp,1,128,182,312
038_0044.jpg,640,432,chimp,201,173,455,333
038_0047.jpg,321,245,chimp,1,2,321,244
038_0048.jpg,640,480,chimp,135,53,429,473
038_0049.jpg,216,248,chimp,68,56,192,188
038_0050.jpg,970,622,chimp,335,140,918,622
038_0051.jpg,222,148,chimp,27,5,222,147
038_0052.jpg,199,274,chimp,15,12,165,223
038_0057.jpg,325,240,chimp,4,24,303,220
038_0058.jpg,205,245,chimp,33,13,132,229
038_0059.jpg,270,220,chimp,8,13,266,220
038_0060.jpg,614,461,chimp,110,67,288,244
038_0064.jpg,345,500,chimp,1,9,341,499
038_0065.jpg,350,263,chimp,75,3,306,263
038_0066.jpg,800,600,chimp,1,6,734,600
038_0068.jpg,235,206,chimp,18,23,225,181
038_0069.jpg,750,562,chimp,94,98,540,528
038_0070.jpg,360,270,chimp,114,24,302,270
038_0071.jpg,360,270,chimp,83,46,346,270
038_0072.jpg,254,217,chimp,13,5,138,210
038_0073.jpg,210,250,chimp,8,72,64,144
038_0073.jpg,210,250,chimp,128,79,196,154
038_0074.jpg,220,168,chimp,7,2,219,167
038_0075.jpg,360,270,chimp,158,30,275,203
038_0076.jpg,213,317,chimp,67,77,213,303
038_0077.jpg,282,422,chimp,123,144,218,372
038_0078.jpg,600,724,chimp,85,28,597,687
038_0079.jpg,350,500,chimp,1,12,350,417
038_0080.jpg,258,300,chimp,73,13,186,148
038_0080.jpg,258,300,chimp,69,130,161,288
038_0081.jpg,169,241,chimp,7,1,168,239
038_0082.jpg,400,265,chimp,80,11,332,257
038_0083.jpg,168,126,chimp,3,3,130,104
038_0084.jpg,672,435,chimp,35,20,553,372
052_0001.jpg,350,262,crab,22,16,308,234
052_0002.jpg,600,450,crab,86,82,498,418
052_0003.jpg,450,272,crab,47,33,435,254
052_0004.jpg,768,512,crab,1,16,763,507
052_0005.jpg,600,400,crab,67,37,553,366
052_0007.jpg,400,267,crab,1,15,400,266
052_0008.jpg,350,211,crab,11,45,336,196
052_0009.jpg,594,519,crab,98,31,493,519
052_0010.jpg,173,113,crab,1,2,173,112
052_0012.jpg,310,220,crab,15,10,293,203
052_0013.jpg,288,450,crab,55,239,192,328
052_0014.jpg,536,360,crab,76,77,445,287
052_0015.jpg,288,204,crab,6,9,280,204
052_0016.jpg,640,398,crab,46,95,565,353
052_0018.jpg,300,140,crab,1,3,297,139
052_0020.jpg,400,223,crab,14,27,379,197
052_0021.jpg,239,139,crab,10,25,230,129
052_0023.jpg,312,230,crab,24,54,245,207
052_0024.jpg,220,168,crab,22,50,162,163
052_0025.jpg,440,366,crab,113,99,319,259
052_0026.jpg,607,357,crab,5,9,607,355
052_0028.jpg,1143,750,crab,42,158,1095,732
052_0029.jpg,250,185,crab,1,4,250,180
052_0030.jpg,432,342,crab,27,22,366,322
052_0031.jpg,200,152,crab,1,4,192,152
052_0032.jpg,350,230,crab,82,56,292,185
052_0033.jpg,356,230,crab,68,43,288,203
052_0034.jpg,350,246,crab,36,26,319,217
052_0035.jpg,350,236,crab,63,1,319,231
052_0036.jpg,201,134,crab,7,1,183,134
052_0037.jpg,300,238,crab,22,27,252,216
052_0038.jpg,300,250,crab,1,8,300,239
052_0039.jpg,300,182,crab,22,39,284,173
052_0040.jpg,300,281,crab,5,29,290,261
052_0045.jpg,300,189,crab,5,12,295,187
052_0050.jpg,300,290,crab,3,37,300,275
052_0051.jpg,300,189,crab,38,14,268,162
052_0052.jpg,300,238,crab,22,48,258,204
052_0053.jpg,300,283,crab,10,19,298,258
052_0055.jpg,300,279,crab,1,16,284,257
052_0057.jpg,295,300,crab,23,1,269,292
052_0058.jpg,300,205,crab,1,6,271,183
056_0001.jpg,298,375,dog,2,14,295,375
056_0002.jpg,500,375,dog,97,10,365,369
056_0003.jpg,397,450,dog,7,4,394,448
056_0004.jpg,600,450,dog,1,49,575,434
056_0005.jpg,750,563,dog,10,108,466,557
056_0005.jpg,750,563,dog,321,18,638,551
056_0006.jpg,422,345,dog,142,75,295,268
056_0007.jpg,313,394,dog,14,7,287,394
056_0008.jpg,733,517,dog,5,3,730,508
056_0009.jpg,460,349,dog,18,57,366,320
056_0010.jpg,256,192,dog,1,42,168,192
056_0011.jpg,295,224,dog,16,1,185,224
056_0012.jpg,350,368,dog,99,196,315,368
056_0013.jpg,360,270,dog,136,135,301,270
056_0013.jpg,360,270,dog,78,4,206,210
056_0014.jpg,486,324,dog,18,25,475,314
056_0015.jpg,250,299,dog,66,36,190,257
056_0016.jpg,275,344,dog,13,5,264,344
056_0017.jpg,180,247,dog,17,13,175,233
056_0018.jpg,320,245,dog,20,12,268,230
056_0019.jpg,350,490,dog,128,208,350,484
056_0019.jpg,350,490,human,123,1,329,209
056_0020.jpg,160,206,dog,7,1,157,198
056_0023.jpg,380,583,dog,67,17,349,533
056_0024.jpg,230,230,dog,20,10,190,230
056_0026.jpg,370,344,dog,7,2,369,344
056_0027.jpg,400,422,dog,58,73,317,401
056_0030.jpg,420,607,dog,63,53,360,534
056_0031.jpg,225,300,dog,12,16,177,245
056_0031.jpg,225,300,dog,137,1,225,225
056_0032.jpg,450,300,dog,71,35,362,299
056_0034.jpg,640,480,dog,63,101,438,389
056_0035.jpg,245,304,dog,89,5,207,295
056_0036.jpg,405,272,dog,86,139,205,239
056_0037.jpg,200,173,dog,1,1,178,172
056_0038.jpg,250,187,dog,39,39,190,149
056_0039.jpg,205,286,dog,1,9,200,286
056_0040.jpg,568,737,dog,5,22,491,725
056_0041.jpg,488,517,dog,52,5,460,505
056_0042.jpg,187,273,dog,15,20,170,266
056_0043.jpg,320,226,dog,64,5,317,221
056_0043.jpg,320,226,dog,18,139,57,219
056_0045.jpg,350,261,dog,29,70,344,225
056_0046.jpg,532,648,dog,153,4,475,648
056_0047.jpg,400,300,dog,1,41,400,283
056_0049.jpg,400,300,dog,1,1,400,246
056_0050.jpg,311,311,dog,19,1,266,311
056_0051.jpg,544,451,dog,67,147,435,386
056_0052.jpg,381,250,dog,1,2,206,241
056_0052.jpg,381,250,dog,146,4,378,182
056_0053.jpg,640,480,dog,1,37,597,475
056_0054.jpg,399,283,dog,150,2,399,279
056_0054.jpg,399,283,human,1,8,122,283
056_0055.jpg,450,340,dog,33,104,265,297
056_0056.jpg,393,226,dog,19,1,378,178
056_0057.jpg,301,388,dog,17,1,292,388
056_0058.jpg,320,466,dog,80,138,318,376
056_0059.jpg,269,355,dog,6,7,265,355
056_0060.jpg,307,204,dog,1,67,60,193
056_0060.jpg,307,204,dog,64,121,121,201
056_0060.jpg,307,204,dog,134,68,210,191
056_0060.jpg,307,204,dog,224,93,298,187
056_0061.jpg,468,324,dog,234,45,461,324
056_0061.jpg,468,324,human,1,11,234,321
056_0062.jpg,282,313,dog,2,3,271,312
056_0063.jpg,500,757,dog,50,13,500,756
056_0064.jpg,400,522,dog,8,6,396,521
056_0065.jpg,300,225,dog,77,4,247,221
056_0066.jpg,300,331,dog,11,7,282,325
056_0067.jpg,640,480,dog,209,98,640,445
056_0068.jpg,218,251,dog,30,3,200,251
056_0069.jpg,300,193,dog,7,18,193,151
056_0070.jpg,645,485,dog,101,64,585,474
056_0071.jpg,360,270,dog,47,2,287,269
056_0072.jpg,750,494,dog,341,220,678,494
056_0072.jpg,750,494,human,391,144,534,314
056_0073.jpg,490,379,dog,48,136,431,361
056_0074.jpg,530,345,dog,115,60,458,310
056_0075.jpg,181,200,dog,12,5,180,200
056_0076.jpg,200,161,dog,15,8,200,160
056_0077.jpg,600,583,dog,58,180,552,583
056_0078.jpg,323,200,dog,65,24,238,196
056_0079.jpg,640,480,dog,76,184,580,345
056_0080.jpg,442,295,dog,109,21,251,122
056_0080.jpg,442,295,dog,138,108,389,262
056_0081.jpg,285,403,dog,21,24,273,380
056_0082.jpg,160,250,dog,1,4,152,245
056_0083.jpg,450,288,dog,27,16,440,268
057_0001.jpg,350,266,dolphin,3,1,347,207
057_0004.jpg,445,291,dolphin,155,27,445,272
057_0004.jpg,445,291,dolphin,8,40,299,274
057_0005.jpg,480,640,dolphin,39,48,480,638
057_0006.jpg,255,236,dolphin,35,17,231,209
057_0007.jpg,398,287,dolphin,23,84,232,160
057_0008.jpg,607,459,dolphin,106,145,405,359
057_0009.jpg,1024,768,dolphin,156,64,792,644
057_0010.jpg,600,450,dolphin,222,3,598,359
057_0011.jpg,450,533,dolphin,56,133,303,481
057_0013.jpg,532,408,dolphin,165,134,488,387
057_0015.jpg,300,181,dolphin,26,30,257,128
057_0031.jpg,750,563,dolphin,154,21,678,398
057_0031.jpg,750,563,dolphin,230,20,394,149
057_0032.jpg,360,270,dolphin,14,25,339,270
057_0033.jpg,282,400,dolphin,18,89,270,264
057_0037.jpg,240,164,dolphin,37,11,218,100
057_0044.jpg,640,480,dolphin,1,77,633,399
057_0046.jpg,300,181,dolphin,57,53,218,144
057_0047.jpg,600,480,dolphin,6,175,586,368
057_0049.jpg,300,179,dolphin,33,31,279,170
057_0050.jpg,300,179,dolphin,38,21,288,141
057_0052.jpg,300,225,dolphin,17,42,288,169
057_0053.jpg,300,183,dolphin,57,8,260,133
057_0056.jpg,300,223,dolphin,29,40,273,185
057_0058.jpg,300,159,dolphin,37,5,269,136
060_0001.jpg,1152,864,duck,142,158,1134,805
060_0002.jpg,450,373,duck,40,76,447,294
060_0005.jpg,597,450,duck,176,105,553,343
060_0006.jpg,350,350,duck,30,19,327,238
060_0008.jpg,300,420,duck,50,108,299,420
060_0010.jpg,1024,519,duck,202,59,925,378
060_0012.jpg,220,146,duck,9,3,165,144
060_0013.jpg,400,267,duck,1,44,314,160
060_0015.jpg,400,360,duck,128,70,282,183
060_0019.jpg,700,467,duck,207,65,604,311
060_0020.jpg,371,370,duck,131,74,215,132
060_0020.jpg,371,370,duck,223,103,338,181
060_0021.jpg,360,263,duck,16,60,146,204
060_0021.jpg,360,263,duck,145,114,328,230
060_0021.jpg,360,263,duck,139,65,318,122
060_0022.jpg,350,234,duck,69,58,322,171
060_0032.jpg,288,171,duck,6,5,288,141
060_0033.jpg,320,240,duck,11,17,296,230
060_0034.jpg,450,299,duck,114,39,394,258
060_0035.jpg,549,384,duck,130,89,426,343
060_0036.jpg,371,241,duck,1,21,336,189
060_0042.jpg,550,335,duck,16,100,546,265
060_0044.jpg,700,467,duck,267,191,605,379
060_0045.jpg,372,223,duck,39,65,275,146
060_0046.jpg,500,333,duck,41,12,421,318
060_0047.jpg,213,142,duck,27,10,175,88
060_0048.jpg,671,456,duck,74,138,620,358
060_0050.jpg,320,240,duck,66,49,207,121
060_0052.jpg,385,241,duck,9,19,347,155
060_0059.jpg,800,526,duck,221,143,639,364
060_0060.jpg,295,238,duck,48,1,266,230
060_0063.jpg,497,335,duck,73,74,290,249
064_0001.jpg,607,412,elephant,190,53,357,297
064_0001.jpg,607,412,elephant,396,159,443,228
064_0003.jpg,576,432,elephant,67,74,308,376
064_0003.jpg,576,432,elephant,308,74,560,368
064_0004.jpg,254,210,elephant,4,4,249,207
064_0005.jpg,502,500,elephant,2,1,502,499
064_0006.jpg,477,391,elephant,35,35,460,341
064_0007.jpg,575,400,elephant,1,2,571,389
064_0008.jpg,460,314,elephant,31,35,356,302
064_0009.jpg,197,240,elephant,5,16,195,231
064_0011.jpg,200,215,elephant,1,15,200,190
064_0012.jpg,223,188,elephant,8,3,221,188
064_0015.jpg,500,390,elephant,29,40,308,384
064_0016.jpg,420,281,elephant,133,89,383,270
064_0017.jpg,240,211,elephant,45,21,238,182
064_0019.jpg,720,530,elephant,8,42,675,495
064_0021.jpg,204,167,elephant,4,17,204,166
064_0022.jpg,1028,772,elephant,264,90,836,748
064_0025.jpg,633,399,elephant,135,83,488,364
064_0026.jpg,312,350,elephant,46,4,291,350
064_0026.jpg,312,350,human,24,183,145,350
064_0027.jpg,432,325,human,159,49,271,173
064_0027.jpg,432,325,human,207,13,269,51
064_0027.jpg,432,325,human,301,24,314,41
064_0027.jpg,432,325,human,278,122,293,145
064_0027.jpg,432,325,elephant,144,157,317,325
064_0027.jpg,432,325,elephant,289,51,342,145
064_0028.jpg,450,327,elephant,5,2,442,327
064_0031.jpg,350,246,elephant,136,17,332,244
064_0032.jpg,304,198,elephant,100,20,227,192
064_0033.jpg,460,345,elephant,97,54,446,297
064_0035.jpg,300,300,elephant,9,10,292,291
064_0036.jpg,1024,768,elephant,231,199,750,698
064_0037.jpg,800,532,elephant,208,93,710,441
064_0038.jpg,220,170,elephant,7,5,203,165
064_0039.jpg,283,191,elephant,25,18,271,188
064_0040.jpg,350,342,elephant,7,40,335,297
064_0042.jpg,612,531,elephant,36,20,561,494
064_0044.jpg,266,178,elephant,8,15,262,171
064_0052.jpg,210,250,elephant,48,68,153,190
064_0053.jpg,332,475,elephant,26,10,332,465
064_0054.jpg,600,400,elephant,126,93,493,344
064_0055.jpg,433,350,elephant,153,84,340,334
064_0055.jpg,433,350,elephant,151,207,186,270
064_0055.jpg,433,350,elephant,114,207,149,268
064_0057.jpg,250,172,elephant,1,6,228,171
064_0060.jpg,350,262,elephant,74,50,302,243
064_0063.jpg,472,395,elephant,94,156,405,395
064_0066.jpg,1024,768,elephant,307,89,742,713
064_0069.jpg,800,525,elephant,234,228,601,525
064_0069.jpg,800,525,human,293,7,421,299
064_0069.jpg,800,525,human,421,9,494,249
064_0070.jpg,300,225,elephant,21,55,267,225
064_0071.jpg,300,225,elephant,35,37,222,168
064_0073.jpg,300,243,elephant,33,48,287,220
064_0074.jpg,300,188,elephant,10,25,294,180
064_0075.jpg,300,212,elephant,27,17,292,198
064_0077.jpg,300,225,elephant,30,19,261,203
064_0078.jpg,300,291,elephant,13,2,288,291
064_0079.jpg,300,195,elephant,1,31,300,160
064_0082.jpg,300,234,elephant,3,3,297,234
064_0084.jpg,300,254,elephant,76,50,214,223
064_0085.jpg,300,225,elephant,43,16,283,215
064_0086.jpg,300,252,elephant,5,10,262,252
064_0092.jpg,300,248,elephant,38,56,213,170
064_0093.jpg,300,216,elephant,30,52,217,160
064_0095.jpg,300,199,elephant,5,6,300,174
064_0096.jpg,300,192,elephant,81,62,272,188
064_0097.jpg,300,256,elephant,20,15,292,238
064_0098.jpg,300,225,elephant,54,35,236,212
064_0100.jpg,300,195,elephant,5,13,290,195
064_0101.jpg,300,225,elephant,10,14,290,190
064_0102.jpg,261,300,elephant,30,44,226,254
064_0102.jpg,261,300,human,77,5,124,61
064_0105.jpg,300,221,elephant,5,38,299,218
064_0106.jpg,300,213,elephant,32,12,298,204
064_0108.jpg,300,247,elephant,31,22,300,246
064_0110.jpg,300,226,elephant,15,26,288,213
084_0001.jpg,494,746,giraffe,64,98,393,742
084_0003.jpg,208,312,giraffe,20,25,207,312
084_0005.jpg,166,228,giraffe,48,7,166,220
084_0005.jpg,166,228,giraffe,48,113,104,218
084_0005.jpg,166,228,giraffe,17,107,48,215
084_0007.jpg,494,655,giraffe,26,13,482,644
084_0012.jpg,345,480,giraffe,6,13,313,480
084_0013.jpg,297,437,giraffe,70,70,256,346
084_0014.jpg,220,400,giraffe,43,23,200,400
084_0019.jpg,480,640,giraffe,141,211,334,425
084_0025.jpg,532,754,giraffe,164,106,402,671
084_0031.jpg,483,355,giraffe,242,5,411,273
084_0032.jpg,768,512,giraffe,240,108,768,421
084_0033.jpg,400,600,giraffe,43,81,400,548
084_0042.jpg,420,287,giraffe,168,98,288,239
084_0042.jpg,420,287,giraffe,323,128,369,191
084_0043.jpg,378,504,giraffe,106,113,239,459
084_0047.jpg,200,288,giraffe,13,8,194,288
084_0048.jpg,700,525,giraffe,248,113,623,467
084_0049.jpg,180,240,giraffe,13,37,156,218
084_0052.jpg,504,257,giraffe,180,32,327,253
084_0053.jpg,200,322,giraffe,29,4,176,309
084_0061.jpg,722,497,giraffe,173,126,541,429
087_0001.jpg,792,430,fish,1,5,782,428
087_0002.jpg,1326,951,fish,91,17,1257,927
087_0003.jpg,223,240,fish,20,5,211,223
087_0003.jpg,223,240,fish,1,179,155,240
087_0005.jpg,270,214,fish,5,9,264,208
087_0010.jpg,259,203,fish,8,20,234,198
087_0013.jpg,250,400,fish,100,209,202,291
087_0016.jpg,876,766,fish,40,43,808,758
087_0037.jpg,320,301,fish,17,99,214,175
087_0037.jpg,320,301,fish,71,191,204,252
087_0039.jpg,400,309,fish,59,24,305,248
087_0039.jpg,400,309,fish,151,65,396,309
087_0045.jpg,450,338,fish,41,105,215,240
087_0045.jpg,450,338,fish,11,230,216,338
087_0045.jpg,450,338,fish,212,58,364,246
087_0045.jpg,450,338,fish,1,83,61,152
087_0050.jpg,250,166,fish,1,3,233,157
087_0055.jpg,600,411,fish,55,75,572,400
1.jpeg,300,210,cat,2,2,300,209
10.jpeg,291,300,hen,13,10,261,294
100.jpeg,150,150,cat,1,15,150,148
101.jpeg,150,150,cat,61,2,150,149
102.jpeg,254,300,hen,43,97,254,277
103.jpeg,199,132,cat,10,7,166,131
104 (2).jpeg,300,268,hen,2,4,263,263
104.jpeg,188,194,cat,48,30,135,159
105.jpeg,166,165,cat,1,1,115,164
105_0001.jpg,324,271,horse,17,56,307,271
105_0001.jpg,324,271,human,120,9,200,209
105_0002.jpg,300,260,horse,39,43,260,240
105_0004.jpg,640,512,horse,195,44,588,408
105_0004.jpg,640,512,human,273,35,407,199
105_0005.jpg,500,554,horse,26,92,473,540
105_0005.jpg,500,554,human,161,28,323,428
105_0007.jpg,460,600,horse,2,18,429,579
105_0008.jpg,720,480,horse,75,28,688,459
105_0011.jpg,600,450,horse,52,54,600,449
105_0011.jpg,600,450,human,87,100,371,450
105_0012.jpg,450,600,horse,212,376,374,537
105_0012.jpg,450,600,human,171,376,213,535
105_0013.jpg,341,458,horse,1,6,287,455
105_0014.jpg,538,399,horse,110,175,444,399
105_0014.jpg,538,399,human,243,139,346,320
105_0014.jpg,538,399,human,1,193,147,399
105_0016.jpg,454,314,horse,22,59,454,303
105_0016.jpg,454,314,human,254,64,437,304
105_0017.jpg,240,185,horse,62,8,224,185
105_0017.jpg,240,185,human,101,25,149,122
105_0017.jpg,240,185,human,6,86,49,185
105_0023.jpg,240,221,human,81,18,117,152
105_0023.jpg,240,221,horse,9,54,233,211
105_0025.jpg,288,216,horse,60,53,236,195
105_0026.jpg,384,330,horse,27,58,278,326
105_0026.jpg,384,330,human,264,69,357,330
105_0026.jpg,384,330,human,126,66,212,317
105_0027.jpg,186,247,human,68,7,132,162
105_0027.jpg,186,247,horse,25,18,162,245
105_0029.jpg,310,261,horse,70,40,244,207
105_0030.jpg,300,212,horse,46,14,253,201
105_0035.jpg,640,480,horse,38,193,529,438
105_0035.jpg,640,480,human,249,80,351,305
105_0037.jpg,283,227,horse,28,46,268,205
105_0038.jpg,375,266,horse,64,54,298,238
105_0041.jpg,189,200,horse,25,16,181,192
105_0042.jpg,368,368,horse,72,124,280,301
105_0042.jpg,368,368,horse,252,128,337,220
105_0043.jpg,408,281,horse,15,70,203,280
105_0043.jpg,408,281,human,204,13,260,146
105_0043.jpg,408,281,human,299,49,340,132
105_0043.jpg,408,281,human,267,56,299,104
105_0044.jpg,210,290,human,24,63,142,283
105_0044.jpg,210,290,horse,1,15,166,284
105_0053.jpg,283,249,horse,8,10,274,234
105_0054.jpg,640,480,horse,201,200,428,471
105_0054.jpg,640,480,human,231,48,361,345
105_0055.jpg,200,229,human,67,28,110,110
105_0055.jpg,200,229,horse,37,45,168,198
105_0059.jpg,325,261,horse,10,5,325,254
105_0061.jpg,167,283,horse,3,88,167,280
105_0061.jpg,167,283,human,46,2,123,163
105_0064.jpg,432,292,horse,43,61,315,243
105_0064.jpg,432,292,human,341,76,432,248
105_0072.jpg,295,458,horse,25,10,295,440
105_0074.jpg,581,377,horse,43,90,390,335
105_0074.jpg,581,377,horse,390,135,482,324
105_0112.jpg,400,288,horse,98,57,400,283
105_0112.jpg,400,288,human,1,58,102,284
105_0114.jpg,512,265,human,158,124,208,253
105_0114.jpg,512,265,horse,209,109,321,251
105_0125.jpg,369,245,horse,139,88,362,204
105_0137.jpg,650,672,horse,1,51,638,647
105_0142.jpg,400,300,horse,68,36,325,300
105_0142.jpg,400,300,horse,270,36,400,299
105_0142.jpg,400,300,human,194,1,268,224
105_0142.jpg,400,300,human,10,101,60,238
105_0142.jpg,400,300,human,1,134,13,229
105_0142.jpg,400,300,human,11,130,65,238
105_0143.jpg,300,225,horse,99,80,187,148
105_0143.jpg,300,225,horse,200,86,233,118
105_0144.jpg,325,244,horse,10,34,170,243
105_0144.jpg,325,244,human,170,7,324,244
105_0148.jpg,250,233,horse,15,38,234,214
105_0148.jpg,250,233,human,99,15,147,151
105_0149.jpg,640,480,horse,1,2,259,390
105_0150.jpg,500,315,horse,168,51,306,309
105_0151.jpg,443,325,horse,101,24,443,296
105_0151.jpg,443,325,human,14,96,130,306
105_0152.jpg,500,501,human,53,12,169,324
105_0152.jpg,500,501,human,354,13,482,314
105_0152.jpg,500,501,horse,5,113,235,483
105_0152.jpg,500,501,horse,252,54,489,497
105_0153.jpg,251,267,horse,110,74,228,205
105_0153.jpg,251,267,human,34,72,74,210
105_0155.jpg,480,360,human,31,94,120,182
105_0155.jpg,480,360,horse,223,116,473,298
107.jpeg,300,235,hen,36,9,238,224
108.jpeg,300,237,hen,56,11,262,211
109 (2).jpeg,300,275,hen,55,18,246,258
109.jpeg,112,168,cat,5,20,112,166
11.jpeg,300,300,cat,53,1,282,300
110.jpeg,300,299,hen,32,43,268,280
111.jpeg,300,210,hen,72,20,233,200
112 (2).jpeg,300,224,hen,49,60,193,216
112 (2).jpeg,300,224,hen,128,12,287,163
112.jpeg,300,251,cat,1,1,299,250
113.jpeg,300,225,hen,50,79,133,205
113.jpeg,300,225,hen,145,49,242,194
113_0001.jpg,459,400,hummingbird,5,64,458,360
113_0002.jpg,320,200,hummingbird,18,1,296,200
113_0003.jpg,400,320,hummingbird,18,26,379,315
113_0004.jpg,532,554,hummingbird,55,15,487,526
113_0006.jpg,525,375,hummingbird,23,49,513,370
113_0010.jpg,576,441,hummingbird,194,108,536,360
113_0011.jpg,600,306,hummingbird,81,65,275,205
113_0011.jpg,600,306,hummingbird,291,84,461,259
113_0012.jpg,360,398,hummingbird,8,41,315,390
113_0018.jpg,1601,1117,hummingbird,467,249,1538,810
113_0021.jpg,323,500,hummingbird,1,96,262,287
113_0028.jpg,640,426,hummingbird,112,106,491,340
113_0029.jpg,800,600,hummingbird,345,188,549,410
113_0031.jpg,414,267,hummingbird,162,80,331,188
113_0034.jpg,506,390,hummingbird,189,63,453,231
113_0036.jpg,800,539,hummingbird,216,138,644,445
113_0037.jpg,509,540,hummingbird,187,261,358,465
113_0041.jpg,646,600,hummingbird,21,219,380,531
113_0043.jpg,756,504,hummingbird,66,4,632,503
113_0045.jpg,648,384,hummingbird,90,62,579,291
113_0047.jpg,250,205,hummingbird,2,53,180,186
113_0049.jpg,324,216,hummingbird,17,5,296,205
113_0050.jpg,570,642,hummingbird,62,236,435,552
113_0051.jpg,426,272,hummingbird,111,57,310,258
113_0063.jpg,550,362,hummingbird,175,58,446,325
113_0064.jpg,400,336,hummingbird,187,46,381,292
113_0071.jpg,230,156,hummingbird,5,39,145,148
113_0078.jpg,238,159,hummingbird,99,42,197,144
113_0079.jpg,538,473,hummingbird,86,200,433,432
115.jpeg,279,300,hen,17,1,243,300
116.jpeg,300,251,hen,12,13,209,242
116.jpeg,300,251,hen,167,120,258,203
117 (2).jpeg,300,225,hen,50,1,259,222
117.jpeg,193,160,cat,14,21,170,157
118.jpeg,297,300,cat,19,35,254,285
119 (2).jpeg,300,200,hen,71,13,252,182
119.jpeg,300,300,cat,7,32,208,300
12.jpeg,300,225,hen,77,6,267,191
12.jpeg,300,225,chicken,84,132,107,174
12.jpeg,300,225,chicken,1,97,77,160
12.jpeg,300,225,chicken,136,23,189,78
120.jpeg,300,300,cat,54,1,278,299
121 (2).jpeg,300,200,hen,39,32,220,199
121.jpeg,300,240,cat,16,1,250,240
121_0001.jpg,300,204,kangaroo,29,8,300,202
121_0003.jpg,279,300,kangaroo,40,23,193,299
121_0004.jpg,300,248,kangaroo,28,21,277,216
121_0005.jpg,276,300,kangaroo,41,61,253,254
121_0006.jpg,245,300,kangaroo,4,8,240,287
121_0008.jpg,287,300,kangaroo,2,26,260,285
121_0009.jpg,283,300,kangaroo,56,6,249,288
121_0011.jpg,225,300,kangaroo,1,47,175,258
121_0012.jpg,198,300,kangaroo,1,28,170,251
121_0013.jpg,300,241,kangaroo,1,1,299,240
121_0014.jpg,191,300,kangaroo,1,25,147,272
121_0015.jpg,258,300,kangaroo,1,3,256,295
121_0016.jpg,239,300,kangaroo,1,57,173,297
121_0016.jpg,239,300,human,1,21,80,158
121_0017.jpg,221,300,kangaroo,1,17,177,274
121_0018.jpg,300,297,kangaroo,19,20,258,287
121_0019.jpg,300,225,kangaroo,1,7,269,200
121_0020.jpg,226,300,kangaroo,1,31,210,273
121_0021.jpg,300,286,kangaroo,38,6,298,276
121_0023.jpg,242,300,kangaroo,23,23,177,252
121_0024.jpg,252,300,kangaroo,28,31,232,278
121_0025.jpg,202,300,kangaroo,24,86,147,289
121_0026.jpg,300,166,kangaroo,6,11,294,146
121_0031.jpg,300,252,kangaroo,1,10,283,229
122 (2).jpeg,300,225,hen,38,29,209,205
122.jpeg,297,300,cat,1,1,296,300
124.jpeg,300,292,hen,20,27,234,285
124.jpeg,300,292,chicken,89,205,137,287
124.jpeg,300,292,chicken,138,205,174,285
124.jpeg,300,292,chicken,172,224,213,286
124.jpeg,300,292,chicken,212,214,244,287
125.jpeg,182,300,hen,1,1,180,300
126 (2).jpeg,300,222,hen,1,70,85,196
126 (2).jpeg,300,222,hen,85,48,174,214
126 (2).jpeg,300,222,hen,186,56,300,217
126.jpeg,300,300,cat,72,7,294,263
128 (2).jpeg,300,221,hen,24,18,245,212
128 (2).jpeg,300,221,hen,249,43,300,99
128.jpeg,184,300,cat,1,6,183,257
129 (2).jpeg,300,201,hen,76,15,263,188
129.jpeg,300,223,cat,67,6,272,213
129_0001.jpg,192,128,cheetah,37,38,180,109
129_0005.jpg,192,128,cheetah,15,45,151,113
129_0006.jpg,192,128,cheetah,31,24,184,128
129_0008.jpg,192,128,cheetah,36,40,183,124
129_0010.jpg,192,128,cheetah,4,26,179,117
129_0011.jpg,192,128,cheetah,22,21,150,126
129_0022.jpg,192,128,cheetah,48,19,148,117
129_0024.jpg,192,128,cheetah,14,45,156,121
129_0025.jpg,192,128,cheetah,27,22,160,125
129_0027.jpg,192,128,cheetah,38,27,182,118
129_0028.jpg,192,128,cheetah,15,34,183,119
129_0029.jpg,128,192,cheetah,13,59,112,178
129_0043.jpg,192,128,cheetah,9,49,144,113
129_0044.jpg,192,128,cheetah,61,34,186,103
129_0047.jpg,192,128,cheetah,1,32,178,126
129_0051.jpg,192,128,cheetah,7,36,166,105
129_0071.jpg,192,128,cheetah,33,48,178,123
129_0076.jpg,192,128,cheetah,39,37,176,110
129_0077.jpg,192,128,cheetah,45,37,186,116
129_0087.jpg,192,128,cheetah,44,35,172,103
129_0090.jpg,192,128,cheetah,30,39,137,120
129_0092.jpg,192,128,cheetah,1,15,135,119
129_0094.jpg,192,128,cheetah,8,24,163,104
129_0096.jpg,192,128,cheetah,39,36,180,104
129_0101.jpg,192,128,cheetah,7,25,158,128
129_0103.jpg,192,128,cheetah,12,37,154,124
129_0105.jpg,192,128,cheetah,4,25,178,116
129_0106.jpg,192,128,cheetah,48,23,170,125
129_0107.jpg,192,128,cheetah,28,41,179,116
129_0110.jpg,192,128,cheetah,24,19,134,121
129_0122.jpg,192,128,cheetah,37,30,184,121
129_0123.jpg,192,128,cheetah,25,32,179,120
129_0124.jpg,128,192,cheetah,15,58,118,182
129_0134.jpg,192,128,cheetah,43,29,170,111
129_0139.jpg,192,128,cheetah,5,32,127,112
129_0142.jpg,192,128,cheetah,3,29,176,123
129_0146.jpg,192,128,cheetah,6,35,165,107
129_0151.jpg,192,128,cheetah,21,14,112,115
129_0157.jpg,192,128,cheetah,60,13,167,101
129_0163.jpg,192,128,cheetah,60,28,164,106
129_0166.jpg,192,128,cheetah,35,49,179,125
129_0167.jpg,128,192,cheetah,16,69,106,159
129_0168.jpg,192,128,cheetah,1,36,128,86
131.jpeg,300,287,cat,3,36,296,265
132 (2).jpeg,300,229,hen,92,10,249,216
132.jpeg,300,300,cat,37,7,162,300
132.jpeg,300,300,cat,162,29,245,279
133.jpeg,300,242,cat,1,6,296,240
134 (2).jpeg,300,244,hen,7,7,138,180
134 (2).jpeg,300,244,chicken,57,144,97,195
134 (2).jpeg,300,244,chicken,110,132,148,172
134 (2).jpeg,300,244,chicken,103,185,152,232
134 (2).jpeg,300,244,chicken,187,176,236,221
134 (2).jpeg,300,244,chicken,193,144,228,178
134 (2).jpeg,300,244,chicken,230,115,264,175
134.jpeg,300,300,cat,65,7,267,298
135 (2).jpeg,300,225,hen,9,52,131,212
135 (2).jpeg,300,225,hen,132,15,269,186
135.jpeg,300,300,cat,64,2,231,287
137.jpeg,207,300,hen,11,1,186,300
139.jpeg,300,165,hen,78,2,248,163
14.jpeg,300,225,hen,120,17,240,173
148.jpeg,247,300,hen,38,13,208,291
15 (2).jpeg,300,229,hen,100,15,243,211
15.jpeg,300,200,cat,38,1,269,175
152_0001.jpg,647,1000,owl,95,54,551,995
152_0002.jpg,267,400,owl,30,9,250,384
152_0005.jpg,173,231,owl,37,6,143,179
152_0013.jpg,414,762,owl,12,71,396,762
152_0016.jpg,512,768,owl,153,182,369,552
152_0017.jpg,392,576,owl,71,45,317,546
152_0018.jpg,496,640,owl,153,82,391,606
152_0020.jpg,213,320,owl,39,53,173,225
152_0022.jpg,216,256,owl,11,39,175,229
152_0023.jpg,805,980,owl,262,99,605,755
152_0025.jpg,400,600,owl,92,85,291,560
152_0034.jpg,500,667,owl,28,52,490,667
152_0038.jpg,508,600,owl,64,19,415,600
152_0039.jpg,224,261,owl,33,3,215,261
152_0042.jpg,305,471,owl,44,32,295,310
152_0050.jpg,629,803,owl,123,56,457,738
152_0052.jpg,539,800,owl,57,87,539,796
152_0055.jpg,300,198,owl,15,19,217,193
152_0057.jpg,240,317,owl,4,22,226,307
152_0060.jpg,427,555,owl,83,52,303,453
152_0063.jpg,326,498,owl,23,9,293,438
152_0068.jpg,240,360,owl,78,85,202,347
152_0069.jpg,500,695,owl,26,6,463,683
152_0071.jpg,150,225,owl,33,22,138,220
152_0076.jpg,356,364,owl,47,16,276,355
152_0077.jpg,450,335,owl,4,42,443,311
152_0078.jpg,500,375,owl,46,2,413,341
152_0079.jpg,200,197,owl,10,8,195,197
152_0080.jpg,492,600,owl,94,76,415,579
152_0081.jpg,200,300,owl,26,41,150,260
152_0082.jpg,600,376,owl,299,10,492,344
152_0083.jpg,300,400,owl,18,13,251,395
152_0084.jpg,390,499,owl,6,1,384,499
152_0085.jpg,252,238,owl,1,3,246,237
152_0086.jpg,263,300,owl,1,41,243,299
152_0087.jpg,450,338,owl,1,33,391,337
152_0089.jpg,234,350,owl,24,11,217,331
152_0090.jpg,406,600,owl,14,15,389,592
152_0093.jpg,406,600,owl,35,47,368,590
152_0094.jpg,450,617,owl,13,25,446,601
153.jpeg,300,214,hen,31,39,181,200
153.jpeg,300,214,hen,141,16,267,196
154.jpeg,300,272,hen,44,12,275,266
155.jpeg,300,262,hen,21,26,276,255
158_0001.jpg,784,488,penguin,33,63,607,488
158_0003.jpg,1024,768,penguin,393,125,828,713
158_0004.jpg,455,640,penguin,78,30,400,562
158_0005.jpg,193,279,penguin,3,52,103,245
158_0005.jpg,193,279,penguin,94,75,193,267
158_0005.jpg,193,279,penguin,47,14,111,167
158_0008.jpg,640,823,penguin,127,102,542,741
158_0011.jpg,1024,768,penguin,116,196,429,668
158_0011.jpg,1024,768,penguin,390,172,581,628
158_0011.jpg,1024,768,penguin,563,153,717,540
158_0011.jpg,1024,768,penguin,683,135,970,581
158_0014.jpg,532,756,penguin,132,34,428,723
158_0015.jpg,1301,976,penguin,640,62,1209,918
158_0019.jpg,640,480,penguin,239,144,398,340
158_0020.jpg,449,459,penguin,31,93,403,444
158_0022.jpg,1024,768,penguin,356,118,687,668
158_0023.jpg,342,453,penguin,49,90,305,440
158_0027.jpg,3424,2336,penguin,768,641,3227,1862
158_0034.jpg,253,279,penguin,64,21,212,275
158_0034.jpg,253,279,penguin,65,130,171,271
158_0035.jpg,700,467,penguin,445,107,551,288
158_0050.jpg,400,267,penguin,91,91,213,254
158_0054.jpg,480,640,penguin,95,64,374,550
158_0058.jpg,1396,1144,penguin,103,208,744,1024
158_0058.jpg,1396,1144,penguin,657,388,1163,1077
158_0061.jpg,613,921,penguin,8,212,560,876
158_0071.jpg,500,344,penguin,6,47,239,319
158_0071.jpg,500,344,penguin,238,9,379,220
158_0071.jpg,500,344,penguin,366,29,441,179
158_0071.jpg,500,344,penguin,426,12,499,135
158_0087.jpg,576,768,penguin,124,117,505,667
158_0096.jpg,339,500,penguin,124,169,273,412
158_0098.jpg,550,367,penguin,170,113,351,247
158_0100.jpg,600,900,penguin,142,102,501,670
158_0109.jpg,400,600,penguin,95,27,358,532
158_0110.jpg,400,553,penguin,90,121,281,471
158_0111.jpg,600,450,penguin,259,192,327,289
158_0111.jpg,600,450,penguin,356,148,413,228
158_0111.jpg,600,450,penguin,43,171,103,255
158_0111.jpg,600,450,penguin,483,178,549,237
158_0112.jpg,350,500,penguin,41,77,231,457
158_0118.jpg,227,170,penguin,25,8,64,105
158_0118.jpg,227,170,penguin,47,38,128,166
158_0118.jpg,227,170,penguin,120,31,163,144
158_0118.jpg,227,170,penguin,164,24,226,124
158_0119.jpg,549,365,penguin,138,13,341,346
159.jpeg,300,225,hen,60,42,255,210
159_0002.jpg,350,263,human,37,75,127,261
159_0002.jpg,350,263,human,129,74,194,263
159_0002.jpg,350,263,human,191,90,263,263
159_0002.jpg,350,263,human,263,82,350,257
159_0002.jpg,350,263,human,130,169,193,263
159_0002.jpg,350,263,human,192,120,265,263
159_0006.jpg,200,313,human,5,42,197,313
159_0007.jpg,256,200,human,1,14,47,200
159_0007.jpg,256,200,human,47,14,111,200
159_0007.jpg,256,200,human,107,2,160,200
159_0007.jpg,256,200,human,145,16,223,199
159_0007.jpg,256,200,human,218,6,256,194
159_0008.jpg,240,309,human,6,3,239,308
159_0009.jpg,256,200,human,1,2,144,199
159_0009.jpg,256,200,human,144,8,256,198
159_0010.jpg,360,246,human,12,22,131,246
159_0010.jpg,360,246,human,90,1,148,84
159_0010.jpg,360,246,human,115,68,230,246
159_0010.jpg,360,246,human,172,1,281,133
159_0010.jpg,360,246,human,228,40,359,245
159_0011.jpg,233,232,human,1,8,194,196
159_0013.jpg,227,240,human,19,1,222,240
159_0015.jpg,576,413,human,6,29,541,413
159_0016.jpg,232,371,human,50,69,220,371
159_0021.jpg,180,132,human,78,1,179,132
159_0022.jpg,600,665,human,14,14,539,514
159_0023.jpg,600,450,human,1,76,113,447
159_0023.jpg,600,450,human,106,98,241,450
159_0023.jpg,600,450,human,405,102,593,450
159_0024.jpg,280,250,human,27,14,252,250
159_0025.jpg,325,438,human,1,1,283,436
159_0026.jpg,510,383,human,53,113,212,383
159_0026.jpg,510,383,human,182,102,291,383
159_0026.jpg,510,383,human,284,102,484,383
159_0027.jpg,1152,864,human,60,222,547,788
159_0027.jpg,1152,864,human,544,225,1055,759
159_0030.jpg,251,355,human,2,19,249,355
159_0031.jpg,314,406,human,38,54,269,389
159_0032.jpg,384,288,human,125,26,340,288
159_0034.jpg,588,414,human,137,24,573,414
159_0040.jpg,672,446,human,114,77,635,446
159_0044.jpg,270,165,human,1,1,265,95
159_0044.jpg,270,165,human,32,57,226,165
159_0045.jpg,604,439,human,84,29,215,305
159_0045.jpg,604,439,human,192,88,308,305
159_0045.jpg,604,439,human,306,103,461,358
159_0045.jpg,604,439,human,404,141,518,360
159_0053.jpg,300,300,human,48,5,255,297
159_0054.jpg,240,180,human,1,1,152,179
159_0056.jpg,1171,1114,human,105,51,1041,1065
159_0057.jpg,400,278,human,53,6,314,278
159_0061.jpg,240,366,human,1,3,240,365
159_0062.jpg,299,384,human,63,63,246,384
159_0067.jpg,294,391,human,13,20,291,391
159_0078.jpg,639,340,human,143,15,513,339
159_0089.jpg,400,400,human,12,17,400,399
159_0092.jpg,178,200,human,9,18,178,198
159_0094.jpg,640,480,human,96,117,343,480
159_0094.jpg,640,480,human,343,147,585,480
159_0096.jpg,360,480,human,17,51,354,480
159_0103.jpg,263,350,human,46,4,223,350
159_0104.jpg,542,407,human,37,108,172,407
159_0104.jpg,542,407,human,172,152,308,407
159_0104.jpg,542,407,human,263,140,420,407
159_0104.jpg,542,407,human,361,92,535,407
159_0109.jpg,640,472,human,91,94,495,468
159_0111.jpg,634,763,human,1,72,299,711
159_0111.jpg,634,763,human,261,81,581,714
159_0114.jpg,500,611,human,1,25,448,608
159_0116.jpg,400,399,human,101,114,205,399
159_0116.jpg,400,399,human,204,115,249,399
159_0116.jpg,400,399,human,254,125,320,397
159_0116.jpg,400,399,human,296,120,368,399
159_0119.jpg,640,512,human,74,152,229,512
159_0119.jpg,640,512,human,230,129,394,512
159_0119.jpg,640,512,human,385,139,558,512
159_0141.jpg,487,408,human,53,90,246,351
159_0141.jpg,487,408,human,246,15,464,408
159_0148.jpg,475,410,human,1,48,228,406
159_0148.jpg,475,410,human,240,10,404,306
16 (2).jpeg,300,225,hen,30,39,252,186
16.jpeg,300,225,cat,55,23,137,210
16.jpeg,300,225,cat,105,45,299,204
160.jpeg,300,199,hen,84,7,238,159
162.jpeg,300,270,hen,18,7,287,249
163.jpeg,300,210,hen,54,16,231,183
166.jpeg,300,225,hen,134,9,247,221
168.jpeg,224,300,hen,37,7,220,300
17 (2).jpeg,300,225,hen,68,44,246,213
17.jpeg,300,225,cat,62,28,241,198
18 (2).jpeg,300,210,hen,73,20,235,202
18.jpeg,300,200,cat,47,10,238,200
19 (2).jpeg,300,225,hen,54,15,237,202
19.jpeg,300,200,cat,72,8,237,200
2 (2).jpeg,182,300,hen,1,1,177,300
2.jpeg,300,169,cat,1,2,244,168
20 (2).jpeg,300,201,hen,29,5,215,200
20.jpeg,300,188,cat,12,56,288,168
201_0001.jpg,300,200,starfish,17,14,188,190
201_0004.jpg,300,261,starfish,42,12,267,230
201_0005.jpg,300,281,starfish,7,6,292,277
201_0007.jpg,300,290,starfish,38,44,264,257
201_0008.jpg,289,300,starfish,1,3,289,299
201_0009.jpg,300,296,starfish,6,11,292,291
201_0010.jpg,284,300,starfish,9,7,278,294
201_0011.jpg,297,300,starfish,1,4,294,295
201_0013.jpg,300,267,starfish,76,73,222,185
201_0014.jpg,300,215,starfish,39,5,248,202
201_0015.jpg,300,297,starfish,9,32,261,264
201_0016.jpg,250,300,starfish,18,84,245,296
201_0018.jpg,300,249,starfish,94,95,224,204
201_0019.jpg,300,289,starfish,15,17,272,287
201_0020.jpg,300,288,starfish,17,6,290,274
201_0021.jpg,293,300,starfish,21,22,275,269
201_0022.jpg,280,300,starfish,1,77,100,242
201_0023.jpg,300,254,starfish,14,6,280,252
201_0026.jpg,300,294,starfish,3,36,262,281
201_0028.jpg,300,292,starfish,7,3,281,286
201_0029.jpg,293,300,starfish,5,10,289,300
201_0030.jpg,300,124,starfish,30,7,149,123
201_0032.jpg,300,254,starfish,6,1,297,245
201_0033.jpg,300,298,starfish,2,7,288,291
201_0034.jpg,300,290,starfish,1,5,295,283
201_0035.jpg,300,215,starfish,19,20,268,199
201_0036.jpg,300,254,starfish,56,48,256,196
201_0037.jpg,300,225,starfish,13,1,287,200
201_0038.jpg,300,196,starfish,68,18,226,182
201_0038.jpg,300,196,fish,222,84,299,184
201_0039.jpg,300,260,starfish,80,15,258,187
201_0039.jpg,300,260,fish,12,188,137,260
201_0041.jpg,300,225,starfish,64,49,237,207
201_0043.jpg,300,274,starfish,1,1,296,274
201_0044.jpg,300,248,starfish,19,25,278,238
201_0045.jpg,262,300,starfish,38,16,257,217
201_0046.jpg,297,300,starfish,36,40,268,256
201_0047.jpg,300,298,starfish,1,1,300,296
201_0048.jpg,300,200,starfish,52,6,252,192
201_0049.jpg,272,300,starfish,2,19,264,279
201_0051.jpg,300,225,starfish,71,70,189,171
201_0052.jpg,300,224,starfish,53,21,298,224
201_0053.jpg,300,240,starfish,16,40,282,236
201_0054.jpg,300,206,starfish,62,7,253,194
201_0055.jpg,300,268,starfish,66,63,210,183
201_0056.jpg,300,214,starfish,138,115,241,181
201_0057.jpg,300,268,starfish,2,10,286,266
21 (2).jpeg,262,300,hen,21,107,246,288
21 (2).jpeg,262,300,hen,91,13,216,162
21.jpeg,297,300,cat,1,1,297,299
22.jpeg,300,225,hen,50,86,125,203
22.jpeg,300,225,hen,150,52,242,192
23.jpeg,300,200,hen,74,27,213,191
25.jpeg,300,126,cat,1,1,300,123
250_0001.jpg,363,300,zebra,13,57,362,297
250_0003.jpg,420,284,zebra,17,33,371,252
250_0013.jpg,768,512,zebra,305,30,649,410
250_0016.jpg,640,480,zebra,35,164,357,399
250_0022.jpg,250,372,zebra,46,59,205,372
250_0023.jpg,212,150,zebra,1,1,212,149
250_0024.jpg,481,321,zebra,5,86,147,261
250_0024.jpg,481,321,zebra,169,59,295,299
250_0024.jpg,481,321,zebra,229,62,469,289
250_0028.jpg,435,340,zebra,59,38,371,302
250_0034.jpg,570,300,zebra,13,19,529,300
250_0035.jpg,689,484,zebra,30,110,411,379
250_0035.jpg,689,484,zebra,293,101,646,381
250_0037.jpg,640,440,zebra,289,142,462,348
250_0041.jpg,683,445,zebra,224,191,589,395
250_0041.jpg,683,445,human,327,119,453,259
250_0042.jpg,265,164,zebra,16,1,229,154
250_0044.jpg,300,223,zebra,41,11,278,219
250_0046.jpg,894,584,zebra,60,286,762,584
250_0046.jpg,894,584,human,429,139,635,331
250_0046.jpg,894,584,human,647,100,832,509
250_0053.jpg,427,281,zebra,134,107,387,276
250_0056.jpg,461,307,zebra,93,89,387,267
250_0062.jpg,375,300,zebra,9,15,368,295
250_0062.jpg,375,300,zebra,21,165,122,239
250_0063.jpg,183,132,zebra,1,5,178,132
250_0065.jpg,356,280,zebra,15,16,343,280
26.jpeg,300,226,cat,27,1,258,226
28 (2).jpeg,300,300,hen,28,44,269,279
28.jpeg,300,258,cat,12,17,295,247
29.jpeg,300,161,cat,2,20,295,161
3 (2).jpeg,300,225,hen,40,40,209,202
3.jpeg,300,200,cat,67,4,270,184
30 (2).jpeg,300,251,hen,12,14,210,244
30 (2).jpeg,300,251,hen,155,121,264,208
30.jpeg,300,230,cat,14,5,264,220
31.jpeg,300,199,cat,48,32,206,192
32.jpeg,300,225,cat,17,13,192,225
33 (2).jpeg,300,225,hen,5,53,133,211
33 (2).jpeg,300,225,hen,140,12,267,187
33.jpeg,300,300,cat,75,5,288,261
34 (2).jpeg,300,224,hen,48,60,188,209
34 (2).jpeg,300,224,hen,126,15,282,166
34.jpeg,300,225,cat,32,10,298,225
35 (2).jpeg,300,188,hen,78,33,215,154
35.jpeg,300,126,cat,61,1,227,126
36 (2).jpeg,300,200,hen,37,36,218,200
36.jpeg,184,300,cat,1,6,183,250
37 (2).jpeg,293,300,hen,19,6,277,292
37.jpeg,300,223,cat,74,9,272,218
39.jpeg,300,169,cat,7,1,251,169
4 (2).jpeg,300,200,hen,88,27,230,188
4.jpeg,297,300,cat,24,33,288,296
40.jpeg,201,300,cat,36,16,164,298
41 (2).jpeg,300,242,hen,46,1,250,236
41.jpeg,226,300,cat,1,13,208,299
42.jpeg,300,171,cat,15,10,298,148
43.jpeg,260,300,hen,1,5,246,300
44.jpeg,300,199,cat,14,20,287,191
48.jpeg,300,188,cat,46,2,214,180
49.jpeg,300,225,hen,57,6,279,221
5 (2).jpeg,300,225,hen,45,1,259,220
5.jpeg,260,300,cat,20,24,221,275
50 (2).jpeg,300,225,hen,75,22,252,205
50.jpeg,300,200,cat,66,1,246,182
51.jpeg,300,200,hen,38,35,217,200
52 (2).jpeg,300,214,hen,36,36,181,201
52 (2).jpeg,300,214,hen,147,16,269,187
52.jpeg,300,300,cat,36,26,253,251
53.jpeg,300,145,cat,125,1,284,125
54.jpeg,300,225,cat,1,13,299,208
55.jpeg,271,300,cat,15,1,257,275
56.jpeg,300,199,cat,17,16,279,195
57 (2).jpeg,300,224,hen,48,66,186,217
57 (2).jpeg,300,224,hen,127,14,285,170
57.jpeg,300,300,cat,36,25,255,300
58.jpeg,300,242,cat,3,5,299,242
59.jpeg,300,300,cat,10,15,250,296
6 (2).jpeg,300,199,hen,75,17,250,194
6.jpeg,300,200,cat,99,13,299,193
60.jpeg,300,300,cat,1,12,212,297
62 (2).jpeg,300,202,duck,81,11,212,188
62.jpeg,270,300,cat,4,4,265,239
63.jpeg,195,163,cat,38,7,195,162
64 (2).jpeg,300,225,hen,70,23,239,211
64.jpeg,118,120,cat,16,13,101,113
65 (2).jpeg,300,233,hen,120,16,299,232
65 (2).jpeg,300,233,chicken,120,141,174,228
65 (2).jpeg,300,233,chicken,69,137,116,227
65 (2).jpeg,300,233,chicken,5,138,70,228
65.jpeg,300,268,cat,46,35,241,268
66.jpeg,140,105,cat,6,7,63,103
66.jpeg,140,105,cat,63,7,140,102
67.jpeg,150,150,cat,1,3,150,149
68.jpeg,300,278,cat,33,53,286,254
7 (2).jpeg,300,200,hen,61,13,257,195
7.jpeg,300,171,cat,4,3,284,171
70.jpeg,300,286,cat,8,3,272,284
71.jpeg,300,225,hen,76,4,257,192
71.jpeg,300,225,chicken,2,94,78,164
71.jpeg,300,225,chicken,82,133,108,183
71.jpeg,300,225,chicken,142,21,190,77
72.jpeg,300,300,cat,58,2,264,300
74 (2).jpeg,300,272,hen,47,9,286,272
76.jpeg,300,225,hen,66,1,294,225
77.jpeg,225,300,cat,1,2,223,297
78.jpeg,300,200,hen,90,34,254,185
8.jpeg,300,233,hen,120,19,298,230
8.jpeg,300,233,chicken,8,138,71,226
8.jpeg,300,233,chicken,71,139,112,225
8.jpeg,300,233,chicken,119,140,176,231
84.jpeg,288,216,hen,18,6,276,215
86.jpeg,300,300,hen,11,1,278,297
87 (2).jpeg,300,225,hen,49,14,292,204
87.jpeg,107,160,cat,15,29,107,156
88.jpeg,263,300,cat,1,4,255,298
9 (2).jpeg,225,300,hen,36,41,189,276
9.jpeg,300,280,cat,86,74,245,280
91.jpeg,300,300,cat,65,4,233,300
92 (2).jpeg,300,300,hen,56,46,255,266
92.jpeg,199,132,cat,52,14,198,132
93.jpeg,160,160,cat,1,1,138,159
96.jpeg,300,200,hen,63,2,229,200
97.jpeg,232,300,hen,21,8,208,272
99.jpeg,300,225,hen,57,43,245,208
OIF-T8WZ6u8BZLYF85W3fCTC1w.jpeg,300,179,squirrel,63,36,193,177
OIP--2DLJjX4d5SG0eF_EXsO9AHaEk.jpeg,300,185,squirrel,62,10,272,170
OIP--2ix__438O7A-yHzROPhGwHaFj.jpeg,300,225,cow,30,43,268,193
OIP-00qwuq8LDwY8bqltA0QfzwHaLF.jpeg,201,300,squirrel,12,57,185,289
OIP-0argfBTTuc5ix8OVjBcWLwHaE3.jpeg,300,197,cow,14,8,283,175
OIP-0D37KTg4KqpHYRFwnOHtJAHaE7.jpeg,300,200,squirrel,121,58,262,191
OIP-0e_jC-QOtZcuTCPcy3BtRgHaJh.jpeg,234,300,squirrel,1,4,214,300
OIP-0F1ige9tCepKUCMYKKmxlwAAAA.jpeg,300,206,squirrel,27,18,282,202
OIP-0FHHBZQRsahkBa3TGgOA1QHaE8.jpeg,300,200,squirrel,75,9,272,167
OIP-0KCU_6eXxmKdWOcZxyzsZwHaE2.jpeg,300,197,squirrel,62,6,196,191
OIP-0kTmmoIaGiwYL1FDYbL_hgHaFQ.jpeg,300,213,cow,21,11,255,213
OIP-0LD122m9ecpo8zEazPNLrgHaGW.jpeg,300,257,squirrel,45,3,269,257
OIP-0ldBTWg_nbEWBFlj0QivFAAAAA.jpeg,300,208,cow,41,45,247,200
OIP-0lMqu79_kHTI9Zlo2vEsKwHaFE.jpeg,300,206,squirrel,135,29,295,200
OIP-0nN4r60Gvwu6tKx-yEIUFAHaE7.jpeg,300,200,squirrel,152,51,270,161
OIP-0OYLuJft7OtiMYz5ATNzJgHaEK.jpeg,300,169,squirrel,78,55,228,141
OIP-0PHIc2w-AeE_YXpq9Iya6AHaMZ.jpeg,180,300,squirrel,1,17,178,279
OIP-0PNsqeEQHUNPp6ffYB1yyQHaFj.jpeg,300,225,squirrel,26,5,264,210
OIP-0R1d0xxrapIM2wlKn2p91AHaFR.jpeg,300,214,cow,11,5,288,211
OIP-0T8A92vWXyIYCcmBW8BnmgHaEH.jpeg,300,167,squirrel,51,81,223,150
OIP-0Tb91v0XYZ_AvWG5zA3wkgHaE7.jpeg,300,200,squirrel,111,39,269,164
OIP-0Uv9fHtfrWNxQl-kChx4wwHaGL.jpeg,300,251,squirrel,45,7,258,212
OIP-0v841L9YNXca-2QleNygKwHaE8.jpeg,300,200,squirrel,104,48,285,170
OIP-1bdfFKzkU_HfUimBYVivrAHaFH.jpeg,300,207,squirrel,16,18,289,194
OIP-1ddYlJDY0e7D9oNYpVcVRgAAAA.jpeg,300,242,cow,2,12,265,229
OIP-1F0PqZFf2WcgnSxi6NnJcwHaFb.jpeg,300,220,cow,27,22,260,185
OIP-1HaCHFv2gyxfG0ZaMT8qtgHaFk.jpeg,300,226,cow,11,5,298,226
OIP-1hSIgzGdBweAlnjTuQVZ6AHaKG.jpeg,221,300,cow,6,9,203,293
OIP-1irfBSzjuW_IKzpr03VkegHaFH.jpeg,300,207,cow,1,12,295,197
OIP-1jjnojRaDCReHMWegNzXewHaFH.jpeg,300,207,squirrel,81,16,273,167
OIP-1jYM4WZeNPoy06BPpLUmZwHaFj.jpeg,300,225,cow,58,56,244,191
OIP-1l7Ca_iCFqgdLUnOUfanvgAAAA.jpeg,127,300,squirrel,1,21,126,289
OIP-1lNC2cLpWgtXYfhRA5vwkgHaLF.jpeg,201,300,squirrel,44,86,138,243
OIP-1mk2qNWGFN5T61jChUd-2AAAAA.jpeg,200,165,squirrel,69,26,160,165
OIP-1OEg6yZosok8zB5P_0qAUgHaFj.jpeg,300,225,squirrel,103,5,223,213
OIP-1pcnWJYfska-1bpY_cyX7gHaGE.jpeg,300,246,cow,8,31,296,199
OIP-1q4NYsi83crFiZnEDQfOOwHaFS.jpeg,300,214,cow,53,50,215,185
OIP-1q4NYsi83crFiZnEDQfOOwHaFS.jpeg,300,214,cow,213,50,251,169
OIP-1qRPzXH-kcEidmUI_wbdaAAAAA.jpeg,300,200,cow,58,41,228,191
OIP-1SVdvhAO-68BYuw0hj-3kAAAAA.jpeg,300,214,squirrel,106,1,300,198
OIP-1Xxs7JCbEPDa6D14EblULAAAAA.jpeg,225,300,cow,18,13,188,261
OIP-1yYkpcirl-rkMefYoySvPwHaEo.jpeg,300,188,cow,9,48,141,150
OIP-1yYkpcirl-rkMefYoySvPwHaEo.jpeg,300,188,cow,152,69,208,136
OIP-1yYkpcirl-rkMefYoySvPwHaEo.jpeg,300,188,cow,236,47,296,150
OIP-1z16f_W-jyqs1wSdX8BCNgHaLH.jpeg,200,300,squirrel,34,14,164,274
OIP-1ZBIa72qOXcbrThA4knxlgHaFj.jpeg,300,225,cow,25,30,265,206
OIP-1ZBIa72qOXcbrThA4knxlgHaFj.jpeg,300,225,cow,1,122,49,175
OIP-2B17EB8nXmQSlJiN7M3oSgHaFW.jpeg,300,217,cow,5,20,295,209
OIP-2b_MTClmdkCYbBQS1KY1QgD4D7.jpeg,248,251,squirrel,49,32,195,180
OIP-2cHYMnL2pk4WwKlAylqVWQAAAA.jpeg,264,300,squirrel,1,60,224,300
OIP-2fxzKsnG9vQrWMnBRwYWnAHaE6.jpeg,300,199,cow,22,23,207,188
OIP-2iGyNX86hTNJxDPTmy5uCAHaFP.jpeg,300,213,cow,19,10,285,209
OIP-2iwLM-Nx6Q0IIM-tKxYEnAHaFj.jpeg,300,225,squirrel,29,61,254,216
OIP-2jz4E1UtbAfOTJu01lNyjgHaGl.jpeg,300,267,squirrel,84,58,279,257
OIP-2KOoIjACnd5Zd8O-K-5CSwHaE6.jpeg,300,199,cow,63,36,270,179
OIP-2kPKPNKLZk-hlJC9a2LPggHaIc.jpeg,264,300,squirrel,25,39,247,300
OIP-2lUemi3BW8MoYV2_hDbikgHaFE.jpeg,300,206,cow,40,34,268,184
OIP-2LuphON3Pki_UkxF105hVwHaE7.jpeg,300,200,squirrel,139,49,217,165
OIP-2m0N5Sp1KaHVJfrCr5RrRAHaFc.jpeg,300,221,cow,23,9,285,199
OIP-2NR1yHYYgYGG2KL36kqndAHaKh.jpeg,212,300,cow,14,15,184,208
OIP-2NR1yHYYgYGG2KL36kqndAHaKh.jpeg,212,300,cow,60,111,171,283
OIP-2osjoOVq9qOk4pLqfrHT4QHaEX.jpeg,300,177,squirrel,2,17,271,164
OIP-2P3Iz-fp-Z1R3_8W_LaRAwHaDe.jpeg,300,141,cow,47,17,296,141
OIP-2pyGQ1Z-1ZqmxsX0NF6LpwHaFh.jpeg,300,224,squirrel,75,44,241,190
OIP-2qGc6MkDYXePcg3fviwc7QHaEO.jpeg,300,171,squirrel,19,13,228,157
OIP-2QszCnoBnSJ_JEAftge-DgHaE8.jpeg,300,200,squirrel,84,12,255,196
OIP-2RFVoPqR9gqjucro1rp7uwHaE8.jpeg,300,200,cow,25,43,95,185
OIP-2RFVoPqR9gqjucro1rp7uwHaE8.jpeg,300,200,cow,73,20,279,188
OIP-2rJMguIV_3eMmh54yJNBiwHaLL.jpeg,199,300,cow,1,34,179,287
OIP-2rlD98nFr6c1FXopM8QrEwHaIc.jpeg,264,300,cow,21,11,244,294
OIP-2RxYo09k70tm8lyI2VB7oAHaE9.jpeg,300,201,cow,112,30,300,172
OIP-2SxBWLq3JZHphB2xxkXI7QAAAA.jpeg,220,300,squirrel,25,7,220,299
OIP-2T1yupCVWmzn_mHjv6ohYQAAAA.jpeg,271,194,squirrel,65,27,271,160
OIP-2thBEWWxLiNfGmy06tJf0QHaE-.jpeg,300,202,cow,64,45,239,196
OIP-2thBEWWxLiNfGmy06tJf0QHaE-.jpeg,300,202,cow,224,75,284,133
OIP-2UhoxAp1zf5nB64TKmtZKQAAAA.jpeg,213,194,squirrel,83,27,213,178
OIP-2US-P_A_FNsJWVQ2JyleCAHaE8.jpeg,300,200,squirrel,128,26,238,178
OIP-2WD4daab_oEiWErY3Y0xoQHaFO.jpeg,300,212,cow,34,3,292,208
OIP-2y4H6kyhqdqiCJt4gg-aFgHaEo.jpeg,300,188,squirrel,46,6,240,182
OIP-2yetn7rpue58KZJkP0GtFQHaE8.jpeg,300,200,cow,12,71,185,183
OIP-2yetn7rpue58KZJkP0GtFQHaE8.jpeg,300,200,cow,127,64,249,145
OIP-2Z5nlZgwG9U7KQlYiPGj5gHaJA.jpeg,247,300,squirrel,26,44,209,242
OIP-2Za3Efda5EW3_xHQZ0wX4QHaD_.jpeg,300,162,cow,94,1,300,160
OIP-2ZvN0qpvnqlzo-VAxMcNjwHaFR.jpeg,300,214,cow,17,1,283,213
OIP-2_WRE6ujb70tvxjnueP6eQHaE8.jpeg,300,200,cow,32,28,284,180
OIP-2__NpI2rLlo-FYlj7h-fNwHaE7.jpeg,300,200,squirrel,40,2,177,167
OIP-3a5CRyVz59WCnSRCLO9f0AHaII.jpeg,274,300,squirrel,73,53,221,264
OIP-3aU6rBDvxixI8Hd6ympkEQHaFc.jpeg,300,221,squirrel,11,11,240,202
OIP-3BCZEwXqd_3v0uoFOD9ylwHaFK.jpeg,300,209,cow,9,3,290,206
OIP-3DWAPfwse9B8dCv7m5nB5wHaLk.jpeg,193,300,squirrel,12,26,189,287
OIP-3eKuw11aLFs5vjzjvbsbqgHaE7.jpeg,300,200,squirrel,75,66,251,149
OIP-3H5-tQs38cqsS3cRAOZP8gAAAA.jpeg,180,248,squirrel,8,4,170,237
OIP-3HBNkj_o-anjUwUEdgAGVQHaHa.jpeg,300,300,squirrel,20,7,287,285
OIP-3KLjCeYEsddQ_O5N_LQHeQHaGh.jpeg,300,264,squirrel,50,12,179,220
OIP-3Lg0oD4z3v_NrCLgfyOreAHaFi.jpeg,300,225,cow,3,23,295,218
OIP-3Mcv05nGZiCzu83JhRzRZgHaE6.jpeg,300,199,squirrel,56,25,178,174
OIP-3mLgTy8hhSUX9bNyf6UkJwHaFc.jpeg,300,221,squirrel,51,82,190,128
OIP-3mWwXrQaB0_rSUpEX0u4QAHaEK.jpeg,300,169,squirrel,70,29,290,169
OIP-3nhV3yhzN12DFtAe9FaUTAHaJT.jpeg,239,300,squirrel,1,12,207,286
OIP-3s4dt2LLmSunm6XeuuikHQHaEK.jpeg,300,169,squirrel,116,1,217,146
OIP-3S_nhNzTKlHxvt0T63YMpgHaE9.jpeg,300,201,squirrel,158,35,258,181
OIP-3v3UXBLsrE4aKOcaIxm9VwHaE8.jpeg,300,200,squirrel,53,20,211,161
OIP-3wKb-xBOBNGr0LwTqC1XuAHaE6.jpeg,300,199,cow,50,17,237,144
OIP-3xTrxdwg4dpC-a8is1eaoAAAAA.jpeg,300,225,cow,8,23,281,225
OIP-3xTrxdwg4dpC-a8is1eaoAAAAA.jpeg,300,225,cow,86,112,192,225
OIP-4ABYf0tPteU-19Q_3CKfqgHaE8.jpeg,300,200,cow,31,39,280,191
OIP-4AOrHRHTmAG8ShFRKvhdqwHaE8.jpeg,300,200,cow,44,57,90,124
OIP-4AOrHRHTmAG8ShFRKvhdqwHaE8.jpeg,300,200,cow,103,60,242,163
OIP-4cZcHa9UwZBikCKJemsDnQHaGH.jpeg,300,248,cow,18,24,300,230
OIP-4DV69QguK7t2cXbc_9tfRAHaEx.jpeg,300,194,cow,13,18,273,187
OIP-4Hi6iKuhpTmzbeLKJop2KgHaFT.jpeg,300,215,cow,10,6,293,210
OIP-4ioGYNaH6joXUHrZ_F-s_gAAAA.jpeg,300,224,cow,14,39,269,183
OIP-4KdMw9rlPjcT4B2OfNKcXgHaEv.jpeg,300,192,cow,7,10,300,182
OIP-4KgL3Sc6rMBl0XBcoNx0MQHaFj.jpeg,300,225,cow,26,24,267,206
OIP-4MjmOw4jJD5woE6U-7yqEwHaE7.jpeg,300,200,cow,8,4,290,187
OIP-4n8s52bmyY0BS7vwZ7mOfgHaE8.jpeg,300,200,cow,8,25,292,179
OIP-4olvyIS1wTwDrwzeBz6w3gHaF9.jpeg,300,242,cow,13,13,287,215
OIP-4pm41I0AQFzxtQyccf31uwAAAA.jpeg,300,212,cow,16,16,297,186
OIP-4pm41I0AQFzxtQyccf31uwAAAA.jpeg,300,212,cow,34,61,219,185
OIP-4Q5uYog_JK-mbfuZH7hKswAAAA.jpeg,300,201,cow,53,66,222,175
OIP-4Qv2S97oDVkjSiSoINRJdAHaE6.jpeg,300,199,cow,28,4,267,159
OIP-4STxZtgLfYl6rVAOTrTNqAHaE8.jpeg,300,200,cow,76,19,237,197
OIP-4TC67ypARZQMONF7s7e-ywHaE8.jpeg,300,200,cow,27,44,282,190
OIP-4TnYUz7R1Uu3l-MjC2HfUwHaEj.jpeg,300,185,cow,55,10,209,185
OIP-4vgEfMm_b-SNSHmr4Or1xQHaFS.jpeg,300,214,cow,86,29,300,212
OIP-4yRUBRt3t12VGGLk8FgxYwHaEb.jpeg,300,180,cow,93,1,267,179
OIP-4Zc7xV1V9dEJrUzVSq7JvQHaIk.jpeg,260,300,cow,18,59,237,222
OIP-4Zc7xV1V9dEJrUzVSq7JvQHaIk.jpeg,260,300,human,143,35,217,183
OIP-5-EBochVfsOSsAo5nlbRgwHaE_.jpeg,300,202,cow,3,9,297,193
OIP-5GqjXDbko5Ko2rQOUZCvYAHaE8.jpeg,300,200,cow,36,25,229,200
OIP-5HZ3RpK3kS_auyDl_3MOUgHaHw.jpeg,287,300,cow,54,6,217,286
OIP-5NBB7uuN_26DENsURrmtHwAAAA.jpeg,270,194,cow,44,16,249,161
OIP-5qDH62SJZANMTuj3ZDvpGwHaFb.jpeg,300,220,cow,16,19,273,212
OIP-5rpbTamg1JP9gZjIpi27egHaEx.jpeg,300,194,cow,19,9,296,192
OIP-5RSsedFQONVdb7m9yvlwzgHaEK.jpeg,300,169,cow,11,1,243,169
OIP-5UIGxAh7tIjwuUcPqyd9VgHaIk.jpeg,260,300,cow,1,55,161,300
OIP-5UIGxAh7tIjwuUcPqyd9VgHaIk.jpeg,260,300,human,124,19,254,300
OIP-5VDsHZqOC6ftFtXX4sTUrQHaFj.jpeg,300,225,cow,57,43,246,198
OIP-_1fZ4ZAaldRi0hgUW7DVuQHaFr.jpeg,300,230,squirrel,24,11,287,221
OIP-_2Il44HQzZrQQwqKl7oUOwHaFj.jpeg,300,225,cow,37,67,133,220
OIP-_2Il44HQzZrQQwqKl7oUOwHaFj.jpeg,300,225,cow,5,6,298,190
OIP-_2UQ4ixe4HMHonmuAP3vFAHaEk.jpeg,300,185,cow,42,25,270,170
OIP-_5bWJ7SoPigN4PgV6UozJAHaEo.jpeg,300,188,squirrel,97,63,177,146
OIP-_70RDqJmC7ljmaNGblpF0QHaEx.jpeg,300,194,cow,36,36,263,172
OIP-_7azUmSrj5WRPxxt4zgtIgHaFJ.jpeg,300,209,cow,20,2,283,209
OIP-_86INe5Smip3ib3XJ8QoIQHaFE.jpeg,300,206,squirrel,60,19,193,193
OIP-_b7M9TMyyPRiNxAbf_EmkQHaE8.jpeg,300,200,squirrel,100,2,298,152
OIP-_CfAAHdwS_7kSIEuKo_LhQHaG7.jpeg,300,281,squirrel,137,40,222,226
OIP-_drWCjlWkUA3_BvlQCemqAHaEo.jpeg,300,188,squirrel,77,52,272,171
OIP-_dVEHaJdv_2qGvKpQOVEJwHaFj.jpeg,300,225,squirrel,1,8,259,170
OIP-_etMNqBBhvthcoMi5V2zCQHaE7.jpeg,300,200,squirrel,112,9,268,191
OIP-_flk9r3BRf3VxU5zWSep5QHaE8.jpeg,300,200,squirrel,4,37,249,152
OIP-_fWk4njp2B9RPtn7QK_nBgAAAA.jpeg,300,200,cow,44,37,250,175
OIP-_fWk4njp2B9RPtn7QK_nBgAAAA.jpeg,300,200,cow,1,48,51,123
OIP-_GGhpT1ecnjpxh5w86ainwHaE7.jpeg,300,200,squirrel,49,18,228,189
OIP-_k5JGFJdEOADeeI6S5OZLgHaEw.jpeg,300,193,squirrel,95,26,277,159
OIP-_kiyj8R2JYihtRF0_MURRQHaE8.jpeg,300,200,squirrel,94,34,217,164
OIP-_lEB2E_BnSgc4Peh-rZ3rQHaFf.jpeg,300,223,squirrel,93,55,239,166
OIP-_Lqu0P1huPpO-BYjvUuNpwHaE8.jpeg,300,200,squirrel,23,16,232,192
OIP-_LQ_PTWmYyR9N_fPk5W49AHaHF.jpeg,300,287,squirrel,1,13,272,287
OIP-_LTqtCctZiQNdcmxKsvp7QHaEm.jpeg,300,187,squirrel,54,49,296,169
OIP-_NTjryC6siDm7PEsYmY-vQHaFj.jpeg,300,225,squirrel,113,62,174,142
OIP-_pyUwWG1Gyb1Sr5v-SVk_QHaEo.jpeg,300,188,squirrel,93,20,195,171
OIP-_QADUIj-ZwXUHDnTkLUivwHaJ_.jpeg,223,300,squirrel,27,60,215,276
OIP-_R-8LYPFSIPDgPIB4BszTgAAAA.jpeg,300,200,cow,82,38,238,184
OIP-_R-8LYPFSIPDgPIB4BszTgAAAA.jpeg,300,200,cow,17,117,84,161
OIP-_rMOzD8-J2Am0NvqL05rNgEgDY.jpeg,288,216,squirrel,37,1,267,209
OIP-_t1IBSscCgc_UdXLBsdQJwHaFj.jpeg,300,225,squirrel,110,8,236,155
OIP-_u4Bv8-JPxseOwAmNT2pIAHaE5.jpeg,300,199,cow,5,6,258,197
OIP-_u4Bv8-JPxseOwAmNT2pIAHaE5.jpeg,300,199,cow,102,96,213,196
OIP-_VBkNQd_MZI4xoemUb-FtAHaE7.jpeg,300,200,squirrel,103,18,206,173
OIP-_xFGMN0UbYduHdiXQ1maZAHaIF.jpeg,276,300,squirrel,24,37,262,279
OIP-_yrr0b0z73gdEScnfRzdfAHaEs.jpeg,300,190,cow,8,13,297,183
